Movie,User1,User2,User3,User4,User5,User6,User7,User8,User9,User10,User11,User12,User13,User14,User15,User16,User17,User18,User19,User20,User21,User22,User23,User24,User25,User26,User27,User28,User29,User30,User31,User32,User33,User34,User35,User36,User37,User38,User39,User40,User41,User42,User43,User44,User45,User46,User47,User48,User49,User50,User51,User52,User53,User54,User55,User56,User57,User58,User59,User60,User61,User62,User63,User64,User65,User66,User67,User68,User69,User70,User71,User72,User73,User74,User75,User76,User77,User78,User79,User80,User81,User82,User83,User84,User85,User86,User87,User88,User89,User90,User91,User92,User93,User94,User95,User96,User97,User98,User99,User100
The Machinist,4.5,6.0,4.0,7.5,2.0,7.5,4.5,6.0,8.0,6.5,5.0,8.5,4.5,5.5,3.0,4.0,1.0,6.5,5.0,6.0,5.0,7.5,3.5,5.0,4.5,5.0,6.5,2.5,8.0,7.0,3.0,6.0,3.0,4.0,3.0,6.0,5.5,4.0,7.0,4.5,7.0,7.0,3.0,3.0,4.5,5.5,3.5,6.5,4.5,7.5,4.0,7.0,4.5,0.5,4.0,4.5,2.5,6.5,5.5,2.0,7.5,4.5,6.5,4.5,3.5,5.0,5.0,4.5,2.0,7.5,7.0,3.0,8.0,5.0,6.5,6.0,2.5,5.0,6.0,4.0,5.0,7.0,5.0,5.5,3.0,4.0,3.0,6.0,0.5,3.0,5.0,7.0,7.5,3.5,4.0,5.5,7.5,5.0,2.5,3.5
Special Chabbis,2.0,7.0,3.0,8.5,5.0,7.0,6.5,4.0,5.0,7.0,6.0,5.5,8.5,6.0,3.5,3.5,5.0,4.5,3.5,1.5,2.0,1.5,6.0,6.5,8.0,4.0,5.0,2.0,6.5,5.0,5.5,4.5,5.5,3.0,4.0,3.5,2.5,1.0,7.0,4.0,3.5,3.0,4.0,6.0,4.5,5.0,4.0,5.5,6.5,3.0,5.5,6.5,4.0,4.0,5.0,3.0,6.0,2.5,2.5,5.5,6.0,5.5,6.5,5.5,3.0,4.0,6.5,7.0,5.0,3.0,2.5,1.5,7.0,6.0,7.0,3.0,6.0,5.5,6.5,8.0,0.5,6.5,7.5,1.0,8.0,6.0,6.5,2.0,6.5,3.5,7.0,3.0,5.0,5.0,5.0,3.0,7.5,7.0,6.5,4.5
Pink Floyd: The Wall,5.0,5.5,2.5,3.0,3.5,5.5,4.5,6.5,6.5,3.0,4.5,2.0,7.0,5.5,5.0,9.5,4.0,5.0,4.5,7.0,3.5,4.5,4.5,8.5,5.0,4.0,3.5,4.0,5.0,5.5,3.5,3.0,2.0,7.5,4.0,5.0,8.5,5.5,7.0,4.0,4.5,4.0,6.0,7.0,6.5,5.5,1.0,5.0,4.0,3.5,6.5,4.0,6.5,5.5,4.5,2.5,5.5,3.5,3.5,4.5,8.0,5.0,2.0,2.0,5.5,5.0,4.5,5.5,7.0,7.0,2.0,3.0,6.0,6.0,6.0,5.5,5.5,0.5,8.0,9.5,7.0,4.0,2.0,4.5,5.0,6.0,5.5,2.5,5.5,4.0,7.0,5.0,3.5,6.5,7.5,6.0,5.0,3.5,4.5,5.0
Training Day,5.5,3.5,3.0,4.0,8.5,1.0,5.5,5.5,5.5,3.0,4.5,4.5,6.0,7.0,2.5,4.5,6.0,7.0,5.0,5.0,5.0,6.5,8.0,3.0,6.0,6.5,4.5,6.5,4.5,9.0,2.0,2.5,9.0,5.5,7.5,7.5,7.0,6.0,6.0,4.0,8.5,4.5,3.5,6.5,6.5,3.5,7.0,7.5,6.0,2.0,3.5,4.5,3.5,6.5,5.5,4.0,4.0,5.5,5.5,2.5,5.5,8.0,5.0,2.5,5.5,5.5,3.5,5.0,4.5,5.0,5.0,1.0,2.0,7.0,3.0,3.5,6.5,3.0,5.0,6.0,7.0,5.0,4.0,6.5,5.5,4.0,5.5,4.5,6.0,2.5,4.5,5.5,3.5,5.5,6.5,4.0,6.5,8.0,7.0,2.5
Ford v Ferrari,1.0,6.5,3.5,5.0,8.5,3.0,6.0,4.5,6.5,5.0,4.0,7.5,6.5,6.5,5.0,6.0,6.5,7.0,5.0,6.0,2.0,6.0,5.0,8.5,3.5,3.5,8.5,5.0,6.0,8.5,7.5,7.5,5.5,5.5,2.5,7.0,7.0,3.5,1.5,10.0,4.5,3.5,2.5,5.0,7.5,6.5,5.5,4.0,5.5,1.5,7.5,4.5,5.5,4.5,8.0,3.5,2.0,5.0,6.5,7.0,5.0,4.0,4.5,3.0,3.5,6.0,3.0,1.5,6.5,2.5,6.5,1.5,5.5,2.5,5.0,5.5,5.5,4.0,4.0,6.0,7.0,3.0,2.0,5.0,6.0,3.5,7.0,7.0,3.0,3.5,3.5,3.5,7.0,7.5,8.5,3.5,0.5,3.5,8.0,1.0
Tenkû no shiro Rapyuta,5.5,6.5,1.5,3.5,5.5,7.5,5.5,1.5,3.0,5.5,5.5,5.5,6.5,4.0,5.5,4.5,5.5,5.0,6.5,4.0,3.5,8.5,1.5,8.0,3.5,5.5,3.0,6.5,2.5,5.5,5.5,4.5,6.0,7.5,2.0,7.0,9.5,5.5,4.0,3.0,0.5,9.0,5.5,1.5,3.0,4.0,1.5,4.0,9.5,6.0,6.5,3.0,5.5,9.0,5.0,4.5,5.0,5.5,6.5,7.0,2.5,2.0,5.5,6.0,3.5,5.5,6.0,6.0,4.0,7.5,4.5,3.0,6.0,1.5,3.5,5.5,4.5,5.0,5.5,6.0,3.5,4.0,5.0,3.0,3.0,4.5,1.5,6.5,6.0,7.0,5.5,7.0,6.0,2.0,6.0,5.5,3.0,3.5,4.0,9.0
The Florida Project,6.0,3.0,5.0,1.0,7.0,3.0,7.5,6.0,7.5,3.0,5.0,2.5,6.0,6.0,5.5,6.5,5.5,5.0,7.5,8.5,2.0,5.0,4.5,6.5,6.5,8.5,0.5,4.5,7.0,1.0,3.0,3.0,5.0,5.0,8.5,1.5,4.0,7.0,3.0,8.0,6.5,5.0,6.5,3.5,7.5,3.0,4.0,6.5,6.0,4.5,2.5,8.5,7.0,5.5,4.0,4.5,5.5,1.0,5.0,3.5,2.0,5.0,5.0,5.5,4.0,3.0,2.0,5.5,2.5,0.0,5.0,3.5,3.0,4.5,4.5,2.5,2.5,4.5,5.5,1.5,3.5,6.5,7.0,4.5,4.0,5.5,7.5,3.0,4.0,5.5,0.5,5.0,6.0,2.5,2.5,5.5,5.5,5.5,5.0,4.0
Eternal Sunshine of the Spotless Mind,5.5,4.0,7.0,3.0,7.0,8.0,4.5,5.0,8.0,6.0,9.5,9.5,6.5,4.0,5.5,0.5,4.5,5.5,7.5,7.5,3.0,3.5,2.0,4.5,8.5,1.0,3.0,4.5,2.5,3.0,3.5,2.0,7.0,5.5,4.5,7.0,4.0,6.0,2.5,5.5,5.0,4.0,6.5,4.5,4.0,2.0,7.5,6.5,1.5,5.5,7.0,5.0,4.0,4.0,1.0,8.5,6.0,4.5,5.5,2.5,3.0,3.0,4.5,6.5,8.0,4.5,3.5,6.0,7.5,3.0,3.0,5.0,3.5,6.0,1.0,5.5,3.5,2.0,6.0,4.0,6.0,5.0,3.0,5.5,3.5,7.0,4.5,4.5,9.0,5.0,1.5,7.0,5.5,5.0,2.5,3.5,3.0,7.0,3.0,9.0
District 9,5.5,3.0,4.0,5.0,4.5,3.5,3.5,3.5,2.0,5.5,5.5,3.0,6.0,6.0,1.5,3.5,4.0,5.0,9.0,7.0,3.0,6.5,4.5,5.5,6.5,0.5,9.0,2.0,4.0,6.0,5.5,1.5,6.5,4.0,6.0,7.0,5.0,5.0,4.5,3.0,5.0,4.5,4.0,5.5,6.5,6.0,1.5,7.0,3.5,3.5,5.5,8.5,5.5,7.5,3.5,6.5,3.5,6.0,10.0,6.0,5.0,4.5,6.5,5.5,4.5,7.0,9.5,4.5,7.0,5.0,5.0,5.5,6.0,7.5,4.5,5.5,6.0,7.5,7.0,5.0,7.5,2.5,4.0,4.0,8.5,2.5,7.0,7.0,5.0,8.0,9.0,3.5,8.0,2.0,6.0,5.0,7.5,3.5,5.0,6.5
Die Hard,6.5,7.5,6.0,4.0,6.5,3.5,5.5,5.0,6.5,7.5,5.5,5.0,2.0,4.0,4.5,6.5,6.0,4.0,0.5,6.0,2.5,4.0,7.0,6.0,5.5,8.0,6.5,9.5,4.0,4.0,1.5,1.5,2.5,4.0,5.5,5.0,7.0,2.0,8.0,5.0,7.5,4.0,6.5,5.0,3.5,5.0,4.0,6.0,4.5,5.0,5.0,3.0,4.5,4.5,6.0,7.5,5.0,2.0,0.5,1.5,7.0,4.0,4.5,7.0,5.5,7.0,9.0,6.5,3.0,6.5,5.0,4.0,2.0,5.5,5.0,4.5,5.5,3.5,3.5,1.5,4.5,5.5,6.0,3.0,6.0,8.0,6.5,4.0,0.0,7.5,4.5,2.5,2.0,6.5,4.0,5.5,8.5,2.5,7.5,5.5
Saving Private Ryan,8.0,5.0,6.5,4.5,2.5,5.0,6.0,4.0,4.5,9.0,4.5,3.5,3.0,5.5,3.0,8.0,3.0,0.0,3.5,7.5,7.0,4.5,2.0,5.0,6.5,8.0,4.0,5.0,7.0,6.5,6.0,6.5,6.0,7.0,2.5,4.5,2.0,5.5,4.5,4.5,6.0,4.5,4.5,4.5,6.5,6.0,4.5,3.0,3.0,6.5,5.0,7.5,7.0,7.5,3.5,6.0,8.0,3.5,1.5,6.5,5.5,4.0,4.5,4.5,8.0,6.5,7.0,6.5,5.0,6.0,4.5,7.5,4.0,7.5,6.0,6.0,2.5,4.0,3.0,6.0,5.5,8.0,5.5,6.0,2.5,3.0,6.5,9.0,3.5,6.5,0.5,6.5,7.5,3.0,1.5,7.0,7.0,4.5,4.5,5.5
Catch Me If You Can,6.0,4.5,6.0,9.5,6.0,5.5,4.5,2.5,5.0,1.5,3.0,4.5,6.0,2.5,5.0,4.0,6.5,5.5,5.0,7.0,7.0,0.5,7.0,3.0,4.0,8.5,6.0,4.5,5.5,3.5,5.5,3.5,3.5,0.5,2.0,8.5,4.5,8.5,7.0,6.0,2.5,8.5,6.5,6.5,6.0,7.0,2.5,8.0,7.0,2.5,5.5,6.0,7.0,4.0,5.5,6.0,9.0,7.0,4.0,4.0,6.0,4.5,6.0,7.0,4.5,4.0,4.5,5.5,2.0,4.0,3.0,5.0,3.0,3.0,6.0,6.5,6.5,7.0,4.0,5.5,5.5,1.5,7.0,6.0,3.0,6.0,6.5,4.0,7.0,4.0,5.5,5.5,2.5,5.0,4.5,6.0,2.5,7.5,8.0,2.5
The Wild Bunch,6.0,6.5,6.5,4.5,5.5,4.0,5.0,8.5,4.5,4.5,6.5,5.0,5.0,4.0,7.0,6.0,3.0,7.0,3.5,1.5,1.5,4.0,4.5,4.0,5.0,4.0,5.0,3.5,8.5,3.5,5.5,3.5,3.0,4.5,2.5,5.5,1.0,7.5,6.5,9.0,7.5,7.5,5.5,4.5,5.0,4.5,5.5,3.0,5.0,6.0,3.0,4.5,6.5,6.5,3.0,9.0,6.0,6.5,2.0,3.5,6.0,8.0,4.0,7.0,6.5,1.5,7.5,6.0,6.0,6.5,6.0,5.0,4.5,2.0,5.0,6.0,5.5,7.5,5.0,7.0,4.5,7.5,4.5,4.0,7.5,4.0,4.0,4.0,3.0,5.5,3.5,2.0,8.0,5.0,4.5,3.5,5.0,3.0,4.5,4.0
Watchmen,5.5,4.0,5.0,1.5,5.0,4.0,3.5,6.0,8.0,5.5,5.5,6.0,6.0,5.0,5.5,4.5,6.5,7.5,5.5,6.0,4.5,7.5,4.5,5.0,2.5,7.0,3.5,5.0,4.0,1.0,4.0,6.0,1.5,7.5,8.0,4.0,5.5,4.0,6.5,6.5,3.0,7.5,6.5,2.5,3.0,5.0,5.0,6.5,2.5,3.5,2.0,2.5,5.5,3.5,5.0,5.0,4.5,3.0,6.0,4.0,5.5,6.5,4.0,7.0,2.0,4.5,5.5,0.5,6.0,3.5,8.5,1.0,6.0,3.5,3.0,4.5,8.5,7.0,4.0,3.5,6.5,6.5,8.5,4.0,2.5,6.0,6.0,4.0,5.5,1.5,2.5,4.5,2.0,5.0,4.5,2.5,3.5,3.0,4.0,5.5
Mustang,2.0,5.0,4.0,5.5,7.0,5.5,5.5,3.5,4.5,2.0,6.5,0.0,2.0,0.5,5.0,3.0,6.5,1.5,4.5,4.5,8.5,9.0,6.0,4.0,9.5,2.0,5.5,7.5,5.0,7.0,5.5,2.0,4.5,3.5,6.0,2.5,6.5,6.5,4.0,3.5,5.5,5.5,5.0,4.5,6.0,2.0,5.0,4.5,7.0,5.5,5.5,5.5,5.0,8.0,1.5,3.0,5.0,7.5,4.5,4.0,6.5,8.0,6.5,7.0,2.0,3.5,7.0,7.0,4.5,4.0,8.0,3.5,3.5,3.0,4.5,4.0,5.0,5.0,5.5,5.5,4.0,6.0,5.0,3.5,5.0,3.5,3.5,3.0,2.5,5.0,5.5,5.5,5.0,2.5,3.5,6.0,3.0,4.0,8.0,10.0
The Graduate,1.0,2.5,5.0,2.0,3.0,5.0,7.5,1.5,5.0,4.5,3.5,8.0,4.0,3.5,6.0,8.5,7.0,3.5,5.0,5.0,2.0,7.5,1.0,6.0,1.5,9.5,8.0,2.5,6.0,7.5,6.0,5.5,8.0,5.5,8.5,2.5,2.0,5.0,6.0,3.5,6.0,6.0,5.0,3.0,1.0,3.5,1.5,8.0,3.5,6.5,5.5,4.0,7.0,3.0,8.0,6.5,8.5,5.5,6.5,4.5,8.0,6.5,9.0,5.0,4.5,2.5,5.5,2.5,5.5,5.0,3.5,3.0,5.0,4.5,4.0,6.0,5.5,5.0,2.0,5.0,3.0,4.5,5.0,4.5,5.0,7.0,5.5,5.0,5.5,7.0,4.5,3.0,5.5,5.0,3.5,4.5,0.5,4.0,5.0,4.0
M - Eine Stadt sucht einen Mörder,6.5,3.0,5.0,1.5,6.5,2.5,1.5,1.5,8.0,6.5,1.5,3.0,3.0,5.5,7.5,2.5,8.5,1.0,6.0,6.5,7.0,7.5,4.0,6.0,3.5,4.0,7.0,4.0,4.0,6.0,6.5,5.0,5.5,4.5,6.0,8.5,5.5,3.0,9.0,2.5,2.5,2.0,5.5,5.0,1.5,5.0,4.5,7.0,5.0,4.0,4.5,6.0,5.5,8.5,3.0,4.5,4.0,6.0,4.0,7.5,5.0,6.5,8.5,8.0,4.0,8.0,4.5,1.5,3.0,6.0,5.5,6.5,3.0,5.0,6.0,5.0,1.0,7.5,5.5,3.5,1.0,1.0,5.0,1.0,5.5,5.0,5.0,5.0,1.0,9.0,5.5,7.5,5.0,5.5,6.0,6.5,4.5,4.0,4.5,6.0
The Best Years of Our Lives,6.5,5.5,4.5,5.5,4.5,4.0,5.0,5.5,7.0,7.0,4.0,4.0,5.0,4.0,2.5,6.5,7.0,5.5,5.0,6.0,3.0,2.0,4.5,8.0,8.5,6.0,5.0,6.5,9.0,2.0,3.5,3.5,5.5,6.0,5.5,5.5,7.0,5.0,1.0,6.5,4.5,7.5,4.0,4.0,6.5,4.5,6.0,4.0,5.5,7.5,4.0,5.5,5.5,8.0,5.0,6.0,3.5,1.0,4.5,4.5,7.0,5.5,3.0,3.5,5.5,8.0,7.0,3.5,4.5,3.5,3.5,6.0,6.0,3.5,7.5,6.0,8.5,1.0,6.5,4.0,5.5,6.0,5.0,6.5,3.5,6.5,4.0,3.5,8.5,1.0,5.5,5.0,4.0,4.0,4.5,9.0,7.0,5.0,4.0,9.0
Shrek,5.5,7.0,5.0,0.5,5.0,8.5,5.0,9.0,8.0,9.5,6.0,1.5,7.5,5.0,7.0,4.5,1.5,7.5,6.0,7.0,4.0,8.0,4.0,2.5,1.0,3.0,5.0,4.0,5.0,3.5,3.5,2.0,5.0,0.5,4.5,7.5,4.0,6.0,3.0,8.5,6.5,5.0,2.5,5.5,5.5,5.0,4.5,7.5,4.0,7.0,5.0,2.5,4.5,2.0,6.0,5.5,6.0,5.5,4.5,6.5,7.0,1.0,4.5,3.0,4.0,5.0,9.5,8.5,3.5,8.5,8.0,8.5,6.5,10.0,4.0,4.0,3.0,5.5,5.5,6.5,8.5,2.5,4.0,4.0,6.5,6.5,5.0,3.5,8.0,8.5,1.0,3.5,5.0,7.0,5.5,8.0,5.5,6.5,7.5,3.0
Die Welle,5.5,1.0,2.5,8.5,5.0,4.5,4.0,5.5,1.5,6.5,8.5,7.5,7.0,9.5,5.5,6.0,6.5,9.5,5.0,4.5,2.0,4.0,6.0,8.0,7.0,4.5,1.5,2.5,8.0,4.5,6.5,4.0,3.0,5.0,4.5,7.0,7.0,7.0,5.5,8.0,6.0,6.0,3.0,7.0,3.0,3.5,4.5,4.5,3.5,7.5,6.0,2.5,3.5,4.5,2.5,8.0,5.5,4.5,1.5,6.5,2.0,2.5,5.0,4.5,2.0,4.0,6.0,9.0,6.0,8.0,5.0,3.0,6.0,5.0,3.0,3.5,7.0,6.0,2.0,4.0,6.0,4.0,6.5,5.5,3.0,0.0,2.5,5.5,6.0,7.5,4.0,5.5,7.0,5.0,4.0,7.5,7.0,1.5,6.0,7.0
Dom za vesanje,5.5,3.0,5.0,1.5,5.5,7.0,2.5,4.0,7.0,4.0,3.5,8.5,6.0,3.5,6.0,7.5,6.0,6.5,4.5,8.0,4.5,5.5,8.0,7.5,5.0,1.5,6.0,7.0,3.5,7.0,6.0,6.5,5.5,7.0,5.0,5.0,0.5,2.5,4.5,3.0,9.0,4.5,2.5,5.0,8.0,5.5,3.5,6.5,5.5,6.0,2.5,3.0,4.5,5.0,4.5,4.5,7.0,6.5,7.0,7.5,4.0,4.5,4.5,6.5,7.5,5.5,2.0,7.5,6.5,5.5,6.0,4.5,2.5,6.5,6.0,5.0,4.5,2.5,3.5,3.5,5.0,2.0,7.0,8.5,4.0,5.0,5.0,6.5,7.0,3.5,6.5,1.5,6.0,0.5,6.5,4.0,4.5,5.0,3.5,4.5
Kung fu,4.5,6.0,2.5,5.5,7.0,2.5,5.0,7.5,3.5,3.0,1.5,5.5,5.0,5.0,6.0,8.5,3.5,3.0,8.0,7.5,8.0,1.5,4.5,3.5,4.0,3.5,4.0,4.5,4.5,8.0,5.5,3.5,6.0,8.0,3.5,2.5,7.5,5.5,7.5,9.0,6.5,6.0,6.5,8.0,0.5,3.5,4.0,3.5,4.0,4.0,4.5,4.0,7.5,4.0,5.0,5.0,0.0,2.5,5.0,8.0,4.5,5.0,0.5,6.5,4.5,7.0,5.5,6.5,10.0,0.5,4.5,6.0,2.5,4.0,1.0,1.0,1.5,7.0,4.5,2.0,5.0,6.0,4.5,7.0,3.0,8.5,6.5,3.0,5.5,4.0,7.0,3.5,7.0,7.5,5.5,3.5,3.0,3.5,4.5,4.5
Dunkirk,7.0,3.5,4.5,4.0,4.0,4.5,3.0,1.5,7.5,2.5,6.5,4.0,4.5,4.5,4.0,4.0,8.0,3.5,8.5,4.0,5.5,5.5,1.0,2.5,2.5,6.5,4.0,9.5,3.5,5.0,3.5,4.0,6.5,2.0,3.0,6.5,5.5,2.0,5.0,4.5,5.5,1.0,6.5,4.0,4.5,6.5,3.0,4.5,7.5,4.0,2.5,7.0,7.5,1.0,6.5,8.0,9.5,5.5,5.0,4.0,4.5,4.0,2.5,5.0,6.5,6.0,1.0,4.0,0.5,6.0,5.5,1.0,3.5,1.0,4.5,0.5,5.5,6.5,8.5,5.0,7.0,5.0,7.0,1.5,3.0,6.5,5.0,3.0,5.5,3.5,8.0,5.5,5.0,7.5,4.0,4.0,1.0,5.5,5.0,6.5
The Ladykillers,7.5,6.0,6.0,3.0,3.5,9.5,6.0,4.5,5.0,7.0,7.0,8.5,6.0,3.5,5.5,1.0,7.0,3.0,6.5,2.5,7.5,9.5,6.5,3.5,3.5,5.0,8.0,2.5,5.5,5.0,9.0,6.5,7.5,5.5,1.0,3.0,7.5,4.5,7.0,3.5,6.0,5.5,6.5,7.5,5.0,7.0,5.5,5.0,6.5,3.5,1.0,3.5,8.0,8.0,5.0,2.5,5.0,7.0,7.0,4.0,6.0,5.5,4.5,6.5,5.5,3.0,2.5,1.0,2.5,7.0,5.5,3.5,6.0,6.5,4.5,4.5,5.0,7.5,7.5,5.0,3.0,5.0,6.0,8.5,7.5,6.0,3.5,3.0,4.5,4.5,6.0,4.0,3.5,9.0,7.0,4.5,6.0,6.5,5.0,2.0
Fantasia,4.5,6.0,4.0,4.5,4.5,6.0,5.0,5.5,7.0,4.5,1.5,6.0,7.5,7.5,3.0,3.5,6.0,6.0,2.5,8.0,6.5,8.0,5.5,4.0,6.5,3.0,5.5,3.5,4.0,4.0,3.5,5.5,3.0,6.0,5.5,5.0,6.0,9.5,8.0,0.5,1.0,9.0,3.0,5.5,5.0,6.0,4.5,6.0,3.0,3.5,6.5,2.0,6.5,7.0,5.5,8.5,4.5,3.0,3.5,3.5,2.0,7.5,8.0,9.0,6.5,4.0,5.5,4.0,6.0,5.0,6.0,5.0,2.0,9.5,2.0,4.5,3.0,6.5,5.5,6.0,0.5,3.0,7.0,2.5,1.5,3.0,4.5,5.0,3.0,2.5,2.5,7.0,1.5,4.0,4.5,5.5,3.5,7.0,3.5,5.5
Vicky Donor,3.5,6.5,4.5,4.0,4.5,5.5,3.5,7.0,3.5,2.5,5.5,7.5,7.0,7.0,4.5,6.0,4.5,4.5,5.0,5.0,6.5,7.0,5.0,5.0,2.5,8.5,3.0,3.5,6.5,4.0,4.5,6.0,6.5,2.5,2.0,6.0,1.5,8.0,4.0,2.0,3.0,5.0,5.0,4.5,3.5,1.5,2.5,7.0,4.0,2.5,7.0,4.5,6.5,5.0,3.0,4.0,4.5,3.5,3.0,4.0,5.5,4.0,2.5,8.0,0.5,4.5,5.0,7.0,8.5,6.5,2.0,6.5,5.5,4.5,3.5,3.0,5.0,4.0,1.5,7.5,8.5,6.0,4.5,4.0,5.5,5.5,3.5,4.0,2.0,2.0,6.0,3.5,5.5,3.0,4.5,5.0,1.5,0.0,4.5,2.0
The Green Mile,6.5,5.5,5.5,3.5,2.5,6.5,6.5,3.0,5.0,5.5,6.0,5.0,5.0,7.0,4.5,5.5,2.5,4.0,5.0,2.5,3.5,8.0,2.5,4.0,6.5,3.5,6.0,4.0,7.5,7.5,6.0,6.0,6.5,5.0,3.0,5.0,7.5,5.5,2.0,7.5,6.5,4.0,2.0,2.5,4.5,3.0,6.0,5.5,4.5,4.0,4.5,3.5,7.5,5.0,0.5,3.0,4.0,2.5,5.5,6.0,4.0,2.5,3.5,2.5,5.5,5.0,3.5,2.0,4.5,2.5,7.5,4.0,5.0,4.0,7.5,3.5,8.5,4.0,3.5,8.5,7.5,5.0,5.0,8.5,8.0,5.5,2.5,7.5,8.5,4.0,6.0,7.0,5.5,2.5,5.0,5.5,7.0,5.5,8.5,10.0
Un prophète,2.0,7.5,7.5,3.5,5.5,7.5,5.0,7.0,5.0,9.5,6.0,6.5,6.0,9.0,6.5,4.0,6.5,7.5,6.0,2.5,9.0,4.5,5.5,8.0,5.5,1.5,3.0,6.0,4.0,7.0,7.5,3.5,5.0,5.0,2.0,4.5,9.0,4.5,5.0,4.0,5.0,9.0,3.5,6.0,7.0,2.5,6.0,6.0,2.5,9.0,6.5,5.5,3.0,4.0,3.0,8.5,3.5,7.0,4.5,5.5,7.5,4.0,5.0,9.0,2.0,6.0,4.0,6.0,5.0,4.5,2.0,6.0,5.5,4.0,4.0,5.0,4.0,2.0,2.0,7.5,2.0,5.5,5.5,3.0,8.5,2.0,1.5,6.5,5.5,7.0,3.0,5.0,5.0,3.5,3.0,4.5,5.0,4.5,2.5,3.0
Jules et Jim,6.5,5.5,9.5,7.0,4.5,5.0,4.0,3.0,3.5,5.5,5.0,6.0,7.5,5.5,2.5,3.5,5.5,3.0,4.0,6.0,7.5,4.0,8.0,5.0,4.5,2.0,4.0,6.5,7.5,6.5,5.0,2.0,7.0,3.5,4.5,7.0,5.5,7.0,3.5,5.0,6.5,4.5,7.5,2.5,6.0,6.5,3.5,3.5,3.5,4.5,6.5,1.5,7.0,1.5,2.5,5.5,6.0,3.0,3.5,0.5,2.5,3.5,6.5,7.0,2.0,4.5,4.5,2.5,4.5,4.0,5.5,8.5,2.5,8.5,4.5,6.0,4.5,3.5,8.0,8.0,9.0,1.5,8.0,6.0,6.0,5.5,7.0,6.5,3.0,6.5,7.0,3.0,5.5,8.0,5.0,6.0,4.5,5.0,5.0,2.0
Only the Brave,9.0,3.5,4.0,1.5,5.0,5.5,7.0,3.0,4.5,7.0,3.5,5.5,5.5,3.0,2.0,5.0,1.5,1.5,4.0,6.0,6.5,6.0,4.0,6.5,6.5,3.0,6.5,7.5,1.0,6.5,5.5,3.5,6.5,5.0,3.0,6.5,7.5,6.0,5.0,6.5,3.5,5.0,5.0,7.5,1.5,4.0,2.0,5.5,5.5,6.0,5.5,4.0,5.5,5.0,5.0,2.5,6.5,5.0,4.0,6.5,4.0,4.0,5.5,7.0,5.5,3.0,5.5,2.5,3.5,8.0,4.5,7.5,3.5,4.5,6.0,4.5,5.0,7.5,6.0,1.5,3.5,5.0,6.5,4.5,6.5,4.0,6.0,5.5,7.0,3.5,4.5,8.0,4.5,5.5,6.0,5.0,6.0,5.0,4.5,6.0
The Color Purple,4.5,2.0,9.0,3.0,5.5,6.5,9.0,3.0,1.0,7.0,5.0,4.5,3.0,4.0,6.0,6.0,4.0,0.5,8.0,4.0,5.0,5.0,5.5,9.0,5.0,4.5,4.5,4.0,3.5,4.5,5.0,5.0,3.5,1.0,8.5,4.0,5.5,7.0,2.0,4.5,3.0,3.0,6.5,3.0,7.5,4.0,2.5,7.0,5.5,6.5,9.5,5.0,4.5,4.5,7.0,6.0,6.0,1.5,4.0,5.5,3.0,5.5,5.5,2.5,4.5,3.5,5.0,5.5,2.5,4.0,5.0,6.0,5.5,2.0,6.0,3.5,7.5,6.0,4.0,1.0,6.0,8.5,6.0,1.0,8.0,5.5,2.0,5.5,1.5,5.5,5.5,5.5,2.0,6.5,3.5,3.0,9.0,7.5,2.5,4.0
The Lord of the Rings: The Two Towers,7.5,4.5,6.0,7.5,5.0,5.5,5.5,8.5,7.5,2.5,5.5,4.0,4.0,5.5,4.5,1.5,6.5,2.5,4.0,8.5,3.0,5.0,2.5,3.0,7.0,7.5,9.5,5.0,6.0,7.5,4.5,4.0,5.0,7.0,6.0,8.0,5.0,4.5,6.5,4.0,5.0,5.0,6.5,6.5,7.5,6.0,6.5,5.0,3.5,1.5,6.5,0.5,3.0,6.0,3.0,7.5,6.0,7.5,7.5,2.5,7.5,8.5,4.5,6.5,6.5,8.0,1.5,8.0,5.5,5.5,6.0,8.0,1.0,5.5,6.0,2.5,8.0,4.5,5.5,3.5,4.0,4.0,5.0,7.0,2.0,4.5,5.0,8.5,6.0,5.0,7.5,3.5,1.0,8.0,7.0,8.5,5.0,2.5,2.5,7.5
Once Upon a Time... in Hollywood,9.5,5.0,6.5,4.5,6.5,3.5,2.5,2.5,2.0,4.5,9.0,3.5,3.5,4.5,2.0,3.0,5.0,8.5,5.0,2.0,5.0,7.0,4.0,5.5,0.5,4.0,6.0,5.5,4.5,4.0,7.0,6.0,5.5,5.5,1.5,4.5,4.5,4.0,4.0,0.5,3.0,8.0,4.0,5.0,3.5,6.0,7.0,6.0,6.0,4.5,3.5,6.5,7.0,6.5,1.5,6.5,7.5,8.0,7.5,4.0,5.5,4.5,7.0,5.0,5.0,3.0,2.5,4.5,4.5,4.5,4.0,4.5,6.5,7.5,7.0,8.5,3.5,4.0,5.0,2.5,1.0,3.0,5.5,4.5,2.0,3.0,6.0,4.0,6.0,7.5,3.0,7.0,6.0,6.5,3.5,4.0,5.0,6.5,4.5,6.5
The Deer Hunter,7.5,6.5,4.5,8.0,3.5,5.0,8.0,5.5,3.0,6.0,2.0,2.5,5.5,7.0,6.0,4.5,5.5,2.5,5.0,5.0,5.0,6.5,4.5,4.0,5.5,5.0,6.5,8.5,5.5,6.0,2.5,3.5,3.0,4.5,5.0,2.5,6.5,8.0,1.5,4.5,4.5,6.0,5.5,4.5,4.0,6.5,7.5,8.5,6.0,6.5,6.0,4.5,3.0,4.0,2.0,5.5,4.5,4.5,6.5,8.0,7.5,3.0,4.5,4.5,2.5,4.0,3.5,5.0,2.0,4.5,7.0,9.5,7.0,5.0,7.5,1.5,5.5,4.5,1.0,6.0,5.5,4.5,4.0,5.5,2.0,8.0,5.5,4.5,4.5,6.5,3.5,7.5,4.0,4.5,4.0,4.0,5.0,3.0,5.5,5.0
La passion de Jeanne d'Arc,6.0,4.5,4.5,9.5,5.5,2.5,4.5,8.5,7.0,4.0,4.0,3.5,7.0,2.0,5.0,9.0,6.0,5.5,6.0,5.0,5.5,2.0,4.5,0.5,8.5,6.0,7.0,4.0,3.5,4.5,2.0,5.0,3.0,6.0,3.0,6.0,6.0,4.5,2.0,4.0,0.5,9.0,3.0,6.0,5.0,6.0,4.0,9.0,2.0,5.5,5.5,2.0,6.5,4.0,7.0,2.5,5.5,5.5,5.5,6.0,7.5,1.5,4.0,5.5,6.5,7.5,8.0,8.5,2.0,3.0,6.0,4.0,3.0,6.5,4.5,8.0,3.5,3.0,6.5,3.5,8.0,4.0,6.5,5.5,2.0,3.0,6.5,1.5,8.5,4.0,5.0,7.5,7.0,5.5,6.0,7.0,8.0,6.0,5.0,2.5
Ben-Hur,6.5,4.0,5.0,4.5,5.0,7.5,4.0,5.5,5.0,2.0,4.0,2.0,9.0,3.5,5.5,4.5,1.5,7.5,7.0,1.5,3.5,5.0,6.5,5.5,7.0,5.5,5.0,4.5,7.0,1.5,3.0,7.5,3.0,5.0,5.0,6.0,6.0,3.0,8.5,7.5,5.5,6.5,4.5,7.0,3.5,8.0,2.0,6.0,3.0,6.5,8.0,6.5,4.5,6.0,5.0,4.0,5.0,3.5,8.0,6.0,7.5,6.5,5.5,4.0,4.0,4.0,4.5,4.5,1.5,7.5,6.0,6.0,6.0,3.5,3.5,5.0,3.5,3.0,5.0,2.0,9.5,3.5,7.0,6.0,4.0,6.5,5.0,6.0,6.0,5.5,2.5,5.0,4.0,5.5,4.0,5.5,8.0,3.0,7.0,5.0
A Clockwork Orange,3.0,2.0,3.5,3.5,5.5,3.5,4.0,4.0,5.5,2.5,5.0,3.0,5.0,5.5,5.0,6.5,2.5,4.0,5.5,3.5,6.0,4.0,4.5,6.5,9.0,3.5,9.0,5.5,7.0,6.0,6.0,4.5,8.5,5.5,8.5,5.5,4.5,2.0,5.0,3.0,6.5,3.5,9.0,3.0,3.5,5.0,7.5,5.0,3.5,3.0,3.0,7.0,5.5,5.5,4.0,2.0,6.0,2.5,4.5,4.5,5.5,4.5,5.5,5.5,4.5,6.5,5.0,4.5,4.5,6.5,7.0,1.0,4.5,7.5,4.0,6.0,4.5,4.0,3.0,5.0,6.0,7.0,5.0,4.0,4.0,3.0,6.0,4.5,2.5,6.0,3.0,7.5,2.5,6.0,6.5,5.0,3.0,3.0,7.0,2.0
Blow,5.5,6.5,4.0,6.5,2.0,2.5,6.5,7.0,4.5,3.0,4.5,6.0,4.0,2.5,0.5,3.5,4.5,6.5,1.0,3.0,5.5,0.0,6.5,4.0,3.5,4.0,6.5,7.0,5.0,7.0,3.5,1.5,4.0,4.5,5.0,3.0,2.5,5.5,6.0,6.0,6.0,5.5,5.0,5.0,5.5,6.0,6.5,7.5,7.0,6.0,3.0,5.5,4.0,6.0,4.5,8.0,5.5,7.5,2.0,10.0,2.0,6.0,4.0,5.5,7.0,4.5,7.0,3.5,6.0,4.5,6.0,3.5,4.5,6.5,5.0,6.0,3.5,6.5,4.0,3.0,7.0,6.5,4.5,5.0,4.5,4.0,4.0,4.5,3.5,6.0,5.0,4.0,1.5,4.5,2.5,1.5,5.5,1.5,1.5,6.5
Raazi,6.5,6.5,5.0,5.0,7.0,5.0,5.0,7.0,3.0,5.5,6.0,9.0,7.0,2.0,4.5,5.5,9.0,5.5,6.0,8.5,3.5,5.0,4.0,5.0,4.5,4.0,4.5,6.5,6.0,5.0,5.5,8.0,3.0,1.0,2.0,9.0,6.5,9.0,3.0,4.0,5.5,6.5,4.5,4.0,6.0,4.0,4.5,2.0,4.5,7.0,6.0,6.5,3.0,7.0,5.5,5.0,6.0,1.0,4.0,5.5,0.5,0.0,4.0,4.5,2.0,3.5,3.0,2.0,4.0,4.5,2.5,4.0,3.5,7.0,5.5,7.5,3.5,3.5,2.5,5.0,3.0,4.5,3.0,3.0,6.5,5.5,9.5,4.0,2.0,2.0,1.5,7.5,4.0,6.0,9.5,5.0,6.5,4.0,3.5,3.0
Avengers: Infinity War,4.0,4.0,5.0,5.0,3.0,6.0,3.5,4.5,7.0,1.0,8.5,1.5,6.5,7.0,5.5,5.5,7.0,5.5,2.0,7.0,3.5,2.5,2.0,6.5,8.0,2.5,7.0,6.0,3.0,5.5,5.5,6.5,6.5,5.0,2.0,7.0,6.5,6.0,4.5,5.5,5.0,7.0,3.0,5.5,6.0,4.0,4.0,6.5,3.5,4.5,5.0,2.5,1.5,4.5,3.0,0.5,1.5,1.5,7.0,4.5,2.5,3.0,3.0,3.5,7.0,1.5,6.0,2.5,2.0,4.0,7.0,0.5,3.5,2.0,6.0,4.5,3.0,8.5,5.0,6.5,9.0,6.0,3.5,6.0,4.0,3.5,4.5,5.5,4.5,8.5,7.0,4.5,4.0,5.0,4.5,2.0,4.5,3.5,8.0,6.5
The Lady Vanishes,6.0,3.5,1.5,7.5,6.5,3.0,4.5,5.5,7.0,5.0,4.5,8.0,3.0,5.0,3.5,6.0,6.5,2.0,4.5,4.0,6.0,1.5,6.5,7.0,1.5,7.5,3.0,3.5,2.0,6.0,7.0,5.0,7.0,3.5,7.5,8.5,5.0,4.5,4.0,4.0,4.5,7.5,1.5,4.0,4.0,7.5,6.0,2.5,5.5,3.5,5.0,5.0,4.5,4.5,9.5,6.0,5.0,0.5,4.0,5.5,5.0,6.5,6.0,4.5,4.0,3.5,8.5,9.0,8.5,3.0,6.0,5.0,9.0,5.0,5.0,3.0,1.0,4.0,5.0,2.5,3.5,2.5,5.5,6.0,6.0,6.5,1.5,7.5,3.5,7.0,7.5,1.5,3.5,7.5,7.5,4.0,5.5,6.5,4.5,4.0
50/50,7.5,8.0,5.5,7.0,1.0,4.0,3.0,6.0,1.0,10.0,6.0,4.0,7.0,3.5,4.5,1.5,6.5,7.5,3.0,5.5,5.0,6.5,8.0,6.0,5.0,3.5,2.5,6.0,8.0,6.5,2.5,3.0,1.5,6.0,5.5,3.5,3.5,3.0,2.5,6.5,8.0,7.5,4.5,2.5,6.0,3.0,7.0,6.0,3.0,5.5,6.0,4.0,5.5,8.0,7.0,1.5,4.5,5.5,1.0,5.0,6.5,7.5,3.0,3.0,5.5,4.5,3.0,5.0,5.0,4.5,6.5,5.0,4.0,3.5,6.5,4.5,4.0,7.0,7.5,2.0,7.5,3.0,2.5,4.0,2.5,7.5,7.0,4.0,7.0,5.5,4.5,7.0,5.0,5.0,4.5,9.5,6.0,4.5,2.5,6.5
Bride of Frankenstein,3.5,3.0,1.5,7.5,4.0,7.0,4.5,3.0,6.5,5.0,6.5,5.0,8.5,3.0,4.5,4.5,4.5,6.5,6.5,5.0,7.5,5.5,4.0,7.5,7.5,3.0,3.0,3.5,2.5,6.0,7.5,4.0,6.0,6.0,4.5,2.5,4.0,7.0,6.5,3.0,7.5,5.0,7.0,5.5,7.0,4.0,5.0,4.0,5.0,3.0,4.0,4.5,8.5,2.5,4.5,2.0,5.5,3.5,4.0,8.0,5.0,6.0,5.5,4.0,6.0,1.5,5.0,5.0,4.0,1.5,7.5,7.0,3.5,7.0,8.0,6.0,6.0,8.5,5.5,4.5,3.0,4.5,4.0,5.0,1.0,6.5,5.0,7.0,2.0,6.0,4.0,5.5,4.0,4.0,4.0,1.5,5.0,6.5,2.0,5.0
En man som heter Ove,6.5,6.5,3.5,6.5,4.0,5.0,5.0,6.0,7.0,9.5,9.0,4.0,3.5,3.5,6.5,3.5,5.0,3.5,5.0,4.5,6.5,2.0,7.5,0.5,4.0,6.5,2.5,3.0,5.5,7.5,6.5,5.5,4.5,5.0,6.0,0.5,7.5,3.0,6.5,3.5,2.5,4.0,3.0,7.0,2.0,3.5,5.5,4.0,8.0,5.5,4.5,4.5,6.0,7.5,7.0,3.5,7.0,1.0,4.0,6.5,4.5,1.5,5.0,7.0,6.0,4.5,8.0,4.0,6.0,6.0,6.5,10.0,6.0,4.0,7.5,8.0,3.0,6.0,5.5,4.5,3.0,0.5,6.0,4.0,4.5,6.0,4.5,2.0,4.0,5.5,3.0,5.5,1.0,7.0,7.5,5.0,4.5,5.0,3.5,5.0
À bout de souffle,3.0,7.5,8.0,0.5,7.0,4.5,6.0,7.5,5.0,6.0,4.5,5.0,3.5,4.0,3.0,5.5,7.0,6.0,9.5,5.5,6.0,9.0,6.5,3.5,6.5,3.0,6.5,6.5,5.5,1.0,6.0,5.0,6.0,3.0,5.0,7.5,6.0,3.0,5.5,6.0,1.0,5.5,6.5,5.0,5.5,6.0,8.5,5.0,3.0,5.5,4.0,7.0,0.5,5.0,3.0,5.0,6.5,3.0,4.0,8.0,8.0,5.5,4.0,5.0,7.5,6.0,3.5,6.0,8.0,3.0,6.5,8.5,5.0,5.0,6.5,3.0,2.5,6.5,6.0,2.0,7.0,4.5,5.0,4.0,5.5,3.5,1.5,7.0,9.0,7.5,7.5,8.0,3.5,2.0,5.0,7.0,6.5,1.5,7.5,4.5
Papurika,2.5,2.0,2.5,1.5,5.5,4.0,1.5,5.0,7.5,7.0,8.0,4.5,0.5,7.0,5.5,7.0,5.0,6.0,4.5,4.5,7.5,3.5,4.5,7.0,2.0,4.0,6.0,6.0,2.0,3.0,5.5,7.0,4.5,4.5,4.0,2.5,3.5,5.0,8.5,7.5,6.5,3.5,4.5,4.5,4.0,3.5,3.5,4.5,6.5,3.5,5.5,8.5,7.0,6.5,7.0,2.5,4.5,5.0,6.0,4.0,4.5,3.0,8.0,7.5,4.0,5.0,7.5,6.0,3.0,5.5,2.5,4.5,0.5,5.5,4.5,4.0,4.5,4.0,5.5,8.5,7.0,5.0,6.0,9.5,6.5,5.0,9.0,2.5,4.5,4.5,3.0,3.5,5.5,2.5,6.5,6.5,2.5,7.5,6.5,2.5
Blade Runner 2049,5.5,4.5,7.5,4.5,2.0,5.5,2.0,3.5,5.0,4.0,6.5,5.0,4.0,4.5,7.0,1.0,3.5,6.0,8.0,4.5,1.5,5.0,4.0,2.0,6.0,8.0,3.0,8.0,4.5,4.0,6.0,2.5,6.0,5.5,6.0,6.0,4.5,3.0,7.0,3.5,5.5,5.0,6.5,5.5,5.5,4.5,6.5,1.0,6.5,4.0,7.5,3.5,6.0,5.0,5.5,4.5,5.5,2.0,6.5,6.5,6.5,4.0,3.5,7.0,6.5,2.0,7.0,4.0,7.0,3.0,9.0,1.0,5.0,3.5,3.0,5.5,2.0,4.5,6.5,6.5,4.0,7.5,6.0,7.5,7.5,7.5,4.0,9.0,7.5,7.0,4.0,8.0,1.5,5.0,4.0,5.0,0.5,4.0,3.5,4.0
La vie d'Adèle,5.5,6.5,4.5,2.0,5.5,3.5,5.5,4.0,4.5,4.5,6.0,3.5,5.0,4.0,7.5,7.5,4.5,7.5,5.0,5.5,2.0,7.0,7.5,5.0,5.0,4.5,6.0,3.5,3.0,6.0,3.5,7.0,4.5,7.0,8.5,2.5,4.0,6.0,4.5,1.0,2.0,5.5,4.5,8.0,9.0,3.5,6.5,6.5,5.5,5.5,4.5,6.5,2.5,7.0,5.5,3.5,4.0,2.0,2.5,5.5,6.5,4.0,4.5,5.5,6.0,3.5,6.0,5.5,5.5,7.5,7.0,5.0,4.5,5.0,4.5,7.5,4.5,5.5,2.0,6.0,7.5,4.5,4.5,5.0,4.0,2.5,5.5,3.0,7.5,5.0,3.0,5.0,3.0,6.0,3.0,5.5,5.5,5.5,1.5,4.0
Lethal Weapon,5.5,6.0,5.5,2.5,4.0,8.5,5.5,5.5,5.0,4.5,6.0,9.0,6.0,7.0,6.5,5.0,0.5,6.0,5.5,5.5,5.5,3.5,3.5,6.5,5.0,3.5,4.5,2.5,1.5,2.5,6.5,0.5,5.0,5.0,8.0,0.5,3.0,3.5,6.0,3.5,2.5,4.0,3.5,4.5,2.0,2.0,4.0,7.5,6.5,5.0,4.5,7.0,2.0,6.5,4.0,2.5,3.0,5.0,8.0,6.5,10.0,5.0,6.0,5.0,5.5,8.0,6.0,6.0,6.0,2.5,5.0,7.0,5.5,3.5,3.0,8.0,6.0,4.0,3.5,2.0,0.5,7.0,5.5,10.0,7.5,5.0,3.5,4.5,4.0,6.0,3.5,3.0,4.5,6.5,6.0,5.5,6.0,1.0,4.0,7.0
Good Will Hunting,2.5,4.0,4.5,3.0,5.0,5.0,4.5,3.5,3.0,5.0,5.0,3.0,6.0,5.0,3.5,7.0,9.5,5.0,7.0,5.0,2.5,1.5,3.0,2.5,8.0,7.0,3.5,8.0,3.5,5.0,5.5,4.0,5.0,4.5,5.0,4.0,5.5,5.5,5.0,5.0,6.0,4.0,1.0,8.0,5.0,2.5,5.0,3.5,6.5,6.5,1.5,6.5,6.5,5.0,3.0,5.5,6.5,6.5,4.5,7.5,5.5,6.5,4.5,5.0,4.5,6.0,4.0,3.5,6.0,5.5,3.5,2.0,5.5,4.5,5.0,7.5,4.0,1.5,4.5,5.5,6.0,5.0,2.5,7.0,5.5,6.0,3.5,0.0,2.5,3.5,3.0,3.5,2.5,5.5,7.5,3.0,5.5,7.0,4.5,4.0
Searching,7.5,5.5,8.5,5.5,6.5,4.0,4.0,1.0,2.5,6.5,4.0,9.0,4.5,6.5,1.5,7.5,2.5,2.0,7.0,7.0,7.0,3.5,4.0,7.0,2.0,5.5,5.0,7.0,4.5,3.5,7.0,5.5,3.0,4.0,4.5,6.0,6.5,5.0,3.5,4.5,5.0,6.5,4.0,3.0,6.0,4.5,5.5,2.0,7.0,5.0,3.5,3.5,6.0,5.5,8.0,5.5,3.5,5.0,8.0,8.5,4.5,5.5,3.0,8.5,5.0,8.0,4.0,3.5,3.5,1.5,6.0,4.5,5.0,3.5,5.0,4.0,5.0,5.0,7.5,6.5,6.5,3.0,8.0,6.0,6.0,5.5,2.5,8.5,2.0,6.0,7.5,7.0,2.5,5.5,7.0,8.5,4.0,3.5,5.0,3.0
Andrei Rublev,7.5,4.0,2.0,5.0,6.5,5.5,7.0,5.0,4.5,9.0,3.0,7.5,7.0,9.0,3.5,6.0,8.0,5.5,2.5,0.5,5.0,3.5,5.0,6.0,7.5,4.5,4.0,6.5,7.0,8.0,3.0,5.0,6.5,8.5,5.5,6.0,6.5,4.0,5.0,6.5,5.5,4.0,3.0,8.0,7.5,4.5,1.5,7.5,8.5,4.5,4.5,6.0,4.5,6.0,5.0,4.0,4.0,4.5,3.5,3.5,4.0,5.5,3.5,6.0,5.5,5.5,7.5,4.0,4.5,7.0,6.0,3.5,8.5,4.5,5.5,4.0,4.5,5.0,5.0,6.5,6.5,7.5,5.0,2.0,4.5,3.0,6.5,4.0,4.5,3.5,1.0,6.5,6.0,2.5,3.5,4.5,5.0,7.0,7.5,3.0
The Godfather: Part III,5.0,6.0,3.5,5.0,5.0,3.5,7.0,8.0,5.5,1.0,7.0,2.5,6.0,4.5,2.0,6.0,6.5,5.5,4.0,5.5,3.5,3.5,4.0,2.5,8.5,5.0,6.0,6.0,2.5,3.0,1.0,2.5,4.5,3.5,2.0,6.0,1.5,1.5,6.0,6.5,5.5,7.5,7.0,7.5,6.0,3.5,6.5,8.0,5.5,4.5,6.0,5.5,5.5,4.5,4.0,5.0,4.0,5.0,7.0,7.5,9.0,3.0,5.0,6.5,7.0,5.0,4.5,2.5,4.5,5.5,4.0,6.0,5.0,4.0,3.5,6.0,4.5,6.0,2.5,4.5,2.5,5.5,5.5,8.5,3.5,1.0,4.0,5.0,5.0,2.0,4.5,5.5,6.0,4.0,3.5,5.5,6.5,2.5,3.5,5.5
Whiplash,5.5,6.0,2.0,5.5,2.5,2.0,2.5,4.0,5.5,5.5,3.5,5.0,4.0,5.5,2.5,5.5,7.5,7.5,5.0,9.0,2.0,9.5,5.5,5.0,4.0,9.0,4.0,8.0,2.5,5.5,5.0,7.5,4.0,3.5,6.5,5.0,5.0,7.5,7.5,5.5,4.0,4.0,6.5,4.0,3.0,5.5,6.5,4.5,8.0,4.5,6.0,3.5,4.0,5.5,2.5,9.0,1.5,6.0,5.5,6.5,5.0,4.5,3.0,7.5,6.5,4.0,7.5,6.0,5.5,5.0,8.5,5.5,1.5,1.5,2.0,7.0,3.5,9.0,2.0,3.0,4.5,4.5,6.0,2.0,5.5,3.0,6.0,6.5,5.5,5.0,4.5,4.0,6.0,5.5,6.0,4.0,7.0,8.0,3.0,7.5
Capharnaüm,4.0,5.5,4.0,3.5,4.5,4.0,5.5,5.5,4.0,5.0,5.5,3.0,7.0,7.5,3.5,2.0,3.0,5.0,5.5,2.5,6.0,5.0,5.5,2.0,2.0,3.0,3.0,4.0,4.0,7.5,7.0,5.0,8.0,7.5,5.5,5.0,4.5,5.0,5.0,8.0,2.0,4.0,6.0,5.5,7.0,7.0,3.0,3.5,2.5,5.0,6.0,2.5,4.0,3.5,6.5,5.5,3.0,3.5,3.5,7.0,7.5,9.0,4.0,4.5,4.5,4.0,7.0,8.0,3.0,3.5,5.5,7.0,7.0,3.5,4.5,4.0,5.0,3.0,7.0,6.0,8.5,2.0,5.5,6.0,7.5,1.5,4.5,4.5,8.5,5.0,5.0,4.5,5.5,4.5,9.0,3.0,6.5,5.0,7.0,8.0
The General,3.0,7.0,4.5,6.0,7.5,4.5,6.5,6.5,7.0,4.0,6.0,6.0,3.5,7.0,7.0,5.0,4.5,8.5,0.5,6.5,3.0,4.5,4.5,5.0,2.0,7.0,7.5,5.5,5.0,3.0,8.5,7.5,5.0,4.0,5.0,7.0,5.0,1.0,4.0,7.0,6.0,4.0,8.0,3.0,5.0,6.0,6.0,4.0,5.0,4.5,5.5,6.0,3.5,0.5,7.5,6.0,6.0,8.5,5.5,4.0,4.0,2.0,2.0,4.0,2.0,6.0,4.5,5.0,2.5,2.5,5.0,2.5,4.5,6.0,8.5,5.0,5.5,1.5,6.0,4.0,4.0,5.5,5.0,5.0,7.0,4.0,3.5,3.5,2.5,6.5,4.5,4.5,7.5,4.0,9.0,5.5,4.5,3.5,2.5,6.5
Mulan,5.5,5.0,5.5,2.5,6.0,5.5,4.5,2.5,1.0,7.0,6.0,3.0,5.0,8.0,4.5,4.5,6.0,4.5,6.0,5.5,1.0,7.5,1.5,8.5,7.0,9.0,5.0,5.5,2.5,5.0,6.0,2.0,7.0,3.0,5.5,4.5,1.0,5.5,3.5,6.0,4.5,9.0,7.0,7.5,9.0,5.0,6.0,0.5,7.5,4.0,7.0,4.5,7.0,6.0,5.5,6.5,4.5,5.5,7.5,4.0,6.5,4.0,2.0,5.0,5.0,7.5,7.0,4.5,8.5,5.5,1.5,7.5,3.5,6.0,3.0,4.0,7.5,5.5,5.0,10.0,3.0,7.5,8.5,7.5,4.0,6.5,7.5,6.0,4.0,6.0,4.0,2.0,8.0,3.5,5.0,4.5,3.0,7.0,4.0,6.5
Despicable Me,7.5,7.0,5.5,7.5,4.5,7.0,3.5,6.0,1.5,5.0,3.0,4.5,9.0,4.0,3.5,5.0,3.5,8.0,6.5,6.0,5.5,4.0,6.0,3.5,4.0,5.5,3.5,6.5,6.5,8.5,5.5,2.0,4.0,4.5,4.0,4.5,6.5,2.0,5.5,5.0,7.5,2.5,0.5,5.5,5.5,1.5,3.0,5.0,5.0,4.5,6.5,5.5,7.0,5.5,4.5,7.0,4.0,6.0,7.5,5.5,3.5,6.5,6.0,6.0,3.5,10.0,4.5,7.5,5.0,4.5,4.0,3.0,3.5,7.0,3.0,2.0,7.5,8.5,4.0,8.0,3.5,2.5,3.0,4.5,6.0,8.5,4.0,5.5,9.5,7.0,3.0,4.0,5.0,5.0,4.0,4.0,3.0,3.0,4.0,9.5
Good Bye Lenin!,3.5,4.0,5.0,2.5,6.5,4.5,5.5,4.5,6.5,3.5,3.5,4.0,7.0,5.5,6.5,5.0,4.5,3.5,7.5,3.0,8.0,4.0,6.0,5.0,6.0,1.5,4.5,7.0,4.5,8.5,9.5,3.0,7.0,6.0,6.0,4.0,2.5,6.0,5.0,4.0,5.0,5.0,3.5,3.0,4.0,5.0,3.0,7.0,3.5,5.5,7.0,4.0,7.0,4.0,4.5,3.5,8.0,2.0,5.5,5.0,4.5,8.0,3.0,5.0,5.5,7.0,3.5,0.5,3.0,6.5,8.0,2.0,8.5,2.5,3.5,3.0,1.5,4.0,7.5,3.5,2.0,6.5,4.0,6.0,4.0,3.5,1.0,6.0,4.0,5.0,3.5,5.0,5.0,7.0,8.0,5.0,4.0,6.5,7.0,7.5
The Little Mermaid,4.0,4.5,3.0,6.5,1.5,6.5,4.5,5.0,4.5,3.5,7.0,4.5,3.5,6.0,6.5,5.5,8.0,6.5,3.5,3.5,6.0,4.5,3.0,5.5,4.5,7.5,5.5,6.5,7.5,4.0,6.5,6.5,5.0,7.0,3.0,9.0,3.0,7.5,4.5,5.5,2.5,3.5,5.0,4.0,5.0,6.0,4.0,3.0,6.5,6.5,5.5,5.5,3.5,5.0,3.0,3.0,7.5,3.0,6.0,4.5,6.5,5.0,6.0,2.5,5.5,9.5,7.0,5.5,3.0,5.5,6.5,6.5,3.0,5.5,8.5,8.0,5.5,3.5,9.5,6.0,2.0,5.5,6.0,3.5,6.0,1.5,6.0,2.5,5.0,7.5,3.0,7.5,4.0,8.0,5.0,2.5,5.5,6.0,5.0,4.0
Bonnie and Clyde,7.5,4.5,2.0,5.5,3.0,7.0,7.5,5.0,7.0,4.5,4.5,4.5,6.5,5.0,5.0,6.5,5.0,2.5,3.0,4.5,3.5,7.5,4.0,3.5,7.5,4.0,2.0,4.0,7.5,4.0,3.5,3.5,6.0,7.0,4.5,3.5,7.5,6.0,6.0,6.5,3.0,4.5,6.0,7.5,3.0,6.5,4.5,7.0,6.5,5.0,6.0,3.0,6.0,4.5,5.5,8.0,2.5,3.5,3.0,5.0,5.5,5.0,6.0,7.0,3.5,5.0,5.5,6.0,5.0,6.5,3.5,3.5,8.0,7.0,2.0,5.5,2.5,1.0,7.0,5.0,5.5,3.5,4.0,3.0,2.0,5.5,6.5,5.5,6.0,4.5,5.0,6.5,5.5,4.0,4.5,8.5,7.0,5.0,5.0,7.0
Arsenic and Old Lace,6.0,4.5,6.0,2.0,4.5,3.0,4.5,4.0,8.5,9.0,5.5,7.5,4.5,3.5,3.5,2.0,5.0,8.5,5.0,4.5,5.0,3.0,4.5,3.5,1.5,9.0,4.0,5.0,4.0,4.0,7.0,4.5,4.0,7.0,2.0,4.5,2.5,4.0,5.0,5.0,4.5,6.5,8.0,5.0,6.0,6.0,5.5,5.5,6.0,3.5,6.0,6.5,5.0,3.0,5.0,7.0,2.0,4.5,4.0,3.5,3.0,2.0,6.0,6.0,1.5,6.5,8.0,3.0,5.0,1.5,3.5,4.5,6.0,6.0,6.5,7.5,5.0,4.0,3.0,1.5,4.5,5.5,7.5,3.0,5.0,2.0,3.0,8.5,5.0,4.0,6.5,5.0,3.5,3.0,7.5,5.0,2.5,5.0,5.5,6.0
Bin-jip,9.5,6.5,5.5,9.5,5.5,8.5,2.5,5.5,7.0,6.0,3.5,6.5,7.5,8.5,7.0,5.0,3.5,2.0,5.5,5.5,3.5,5.0,5.0,4.0,7.5,4.5,5.0,7.5,6.5,6.5,7.5,7.0,5.5,5.5,9.5,7.5,5.0,5.0,5.5,4.5,3.0,6.0,7.0,2.5,3.5,5.5,6.0,7.5,5.5,6.0,2.5,5.0,3.0,4.0,5.0,4.5,5.0,0.5,4.5,3.5,3.0,3.0,5.5,4.5,3.5,4.5,4.5,3.5,7.0,8.0,1.5,3.5,7.0,6.0,2.5,6.0,6.0,4.0,3.0,4.5,3.0,3.5,3.5,1.5,3.0,7.5,5.0,4.0,6.0,5.5,5.5,3.5,4.0,2.5,3.0,3.5,6.0,5.5,2.0,5.0
From Here to Eternity,6.0,5.5,3.0,7.0,4.0,4.0,2.5,5.0,5.0,5.0,4.0,5.5,5.0,6.0,5.0,6.5,6.0,5.5,1.5,6.0,4.5,6.5,8.0,3.0,6.5,5.0,2.5,0.5,3.0,4.0,10.0,6.0,6.0,4.5,6.5,6.0,6.0,2.5,5.0,4.5,7.0,7.0,2.5,4.0,6.0,3.0,6.5,4.5,7.0,1.5,5.0,3.5,6.5,9.0,3.5,3.5,2.0,9.5,3.5,5.0,4.0,2.5,3.0,5.5,2.5,6.5,4.5,6.5,9.0,3.5,6.5,7.0,7.0,1.5,1.5,2.5,3.0,6.0,5.5,3.5,0.0,5.5,9.5,8.5,8.5,6.5,5.0,1.0,3.0,6.5,4.5,1.5,6.0,4.0,4.0,3.0,1.5,6.0,6.0,6.0
Casino,2.0,1.5,7.0,4.5,2.0,1.0,5.5,0.5,5.0,4.0,2.0,3.5,6.5,2.0,5.5,2.5,3.5,2.5,5.5,9.5,8.5,5.0,6.5,7.0,3.5,6.5,9.0,5.5,4.0,4.5,6.0,7.5,7.0,6.0,5.0,5.5,3.5,7.0,5.0,9.0,3.0,7.0,3.5,6.5,4.0,5.0,8.0,3.5,8.5,6.0,1.5,3.0,3.5,4.5,4.0,6.0,6.0,4.5,8.5,7.5,4.0,5.5,5.5,0.5,6.5,1.5,0.5,3.0,2.5,4.5,5.0,3.0,3.0,7.0,3.0,4.5,5.0,1.5,4.5,3.0,6.5,4.5,4.0,8.0,9.0,5.5,4.5,7.5,1.5,5.0,7.5,6.0,6.0,6.0,6.0,5.0,2.5,6.5,4.0,6.0
Nightcrawler,4.5,4.5,4.0,6.0,4.0,5.0,7.5,7.5,2.5,6.0,5.5,5.0,3.0,5.5,7.5,5.5,1.5,4.0,5.0,2.0,3.5,8.5,6.5,6.0,4.5,3.5,7.5,6.0,5.0,6.5,8.0,9.5,2.0,2.0,6.0,3.0,5.0,3.5,4.5,5.5,3.5,4.0,7.5,7.5,3.5,6.5,2.0,1.0,4.5,6.5,2.5,5.0,5.0,2.5,3.5,5.0,3.5,6.0,2.5,6.0,3.0,6.0,4.5,4.0,7.0,8.0,3.5,4.0,5.0,8.0,5.5,2.0,6.5,9.5,2.5,1.0,5.0,5.0,7.0,7.0,4.5,4.5,1.5,4.0,5.0,6.5,3.0,5.0,6.5,7.0,7.5,2.5,8.5,4.0,8.5,2.0,4.5,5.5,7.0,4.5
The Incredibles,7.0,5.0,5.5,5.5,8.5,4.0,10.0,6.0,7.5,6.0,0.5,4.0,3.0,4.5,6.0,4.5,6.0,4.5,5.5,3.5,6.0,3.5,5.0,5.5,1.5,3.5,5.0,2.0,6.5,4.0,4.0,6.5,6.5,6.5,5.5,8.5,8.5,3.5,4.0,5.0,3.5,8.0,4.5,7.0,5.5,8.0,6.0,4.5,5.0,1.5,5.0,5.5,2.0,6.0,9.0,8.0,0.0,6.0,8.5,9.5,2.0,3.5,5.0,5.5,7.0,3.5,3.5,3.0,8.5,3.5,7.5,4.5,4.5,1.5,2.5,5.5,6.0,5.5,5.0,0.0,4.5,1.5,2.0,5.0,7.0,7.0,6.0,3.5,2.0,2.0,5.0,4.5,5.5,3.5,1.0,5.5,4.5,4.5,1.5,5.0
Cinderella Man,5.5,5.5,6.0,4.0,5.0,2.5,5.5,6.5,7.0,6.5,8.0,6.0,5.0,5.0,8.0,7.5,9.0,4.0,4.0,7.0,6.5,4.0,4.0,7.0,5.5,6.5,6.5,2.5,5.0,6.5,4.5,8.0,2.5,1.5,4.5,6.0,4.0,7.0,6.5,6.0,4.5,4.0,6.5,4.0,5.5,5.5,7.5,3.5,3.5,8.0,6.0,5.5,3.5,4.0,4.0,0.5,2.5,8.0,4.0,5.5,3.5,4.5,2.5,2.5,5.0,6.0,4.5,4.0,5.0,5.0,3.5,5.5,2.0,3.5,2.5,6.5,1.5,6.5,4.0,6.5,8.0,1.5,1.5,6.5,4.5,1.5,1.0,7.0,5.5,2.0,5.5,7.5,3.0,1.5,5.0,3.0,7.0,5.5,8.5,7.0
The Third Man,5.0,8.5,4.5,6.0,2.5,6.5,2.0,6.0,6.0,4.0,4.0,7.0,3.5,1.0,3.0,1.5,4.0,5.0,5.0,3.0,4.0,7.0,7.5,1.0,7.0,5.0,6.5,3.0,5.5,3.5,2.5,5.5,4.5,5.0,3.0,6.5,5.5,0.0,4.0,8.5,6.0,5.5,4.5,6.5,1.0,6.5,9.0,6.5,8.5,5.0,1.0,4.5,7.0,5.0,5.5,2.0,6.0,4.5,8.0,1.0,6.0,3.5,5.5,4.0,6.0,9.0,1.5,3.5,7.5,6.5,4.5,2.5,2.0,8.0,8.5,5.5,3.0,2.0,4.0,7.0,6.0,7.0,2.0,4.0,5.0,6.5,6.5,5.0,5.5,5.5,6.0,5.5,7.5,7.5,3.5,7.0,4.5,5.5,8.5,5.0
Blowup,6.5,9.0,8.0,3.0,8.5,3.5,6.5,5.0,3.0,1.0,5.0,2.0,7.0,4.5,7.0,5.0,6.5,2.0,8.0,6.5,7.0,4.0,5.0,7.5,5.5,6.0,4.0,6.0,4.5,3.5,3.5,9.0,2.5,4.5,5.0,6.0,6.0,4.5,5.5,6.5,7.0,2.5,2.0,4.5,2.5,9.0,5.0,7.0,5.5,5.5,5.5,5.5,5.0,8.5,7.5,6.0,1.0,7.5,3.0,1.5,5.0,3.0,1.5,4.0,3.5,3.0,2.5,6.5,7.5,6.0,2.5,5.0,7.5,0.0,7.0,2.5,2.0,4.5,2.0,6.0,6.5,4.5,2.5,5.5,4.5,4.0,8.0,7.0,6.0,6.5,9.5,5.0,6.5,6.0,3.5,8.0,9.0,3.0,6.0,3.0
Le passé,5.0,4.5,5.5,5.5,3.0,3.5,5.0,5.0,4.0,3.5,6.5,5.0,5.0,5.5,4.5,5.0,7.5,4.0,5.5,7.5,4.0,5.0,2.5,4.0,3.0,6.5,6.5,4.5,4.5,5.5,5.0,6.5,6.0,3.0,5.0,4.5,0.0,6.5,5.0,2.5,6.5,2.5,4.5,7.0,8.5,4.0,9.5,4.0,6.5,8.5,4.5,4.0,5.5,8.5,3.5,2.0,2.5,7.0,6.0,5.0,8.0,7.0,6.5,1.5,2.0,3.0,5.5,5.0,3.0,8.0,6.5,4.5,2.0,5.0,4.5,4.0,3.5,7.0,6.5,4.5,7.0,2.0,6.0,4.5,8.5,6.5,5.0,8.5,9.0,1.0,5.0,6.5,6.5,7.0,4.5,5.0,6.0,4.0,7.0,9.0
Mad Max 2,5.5,6.5,7.0,8.0,4.0,5.5,4.0,6.0,5.0,6.0,4.0,7.5,2.0,0.5,7.5,3.5,3.5,3.0,5.5,5.5,6.5,4.0,5.0,8.5,6.5,4.5,10.0,7.0,5.0,6.5,4.0,7.0,5.5,1.5,2.0,5.5,6.5,7.0,5.0,4.5,4.0,4.0,5.5,4.0,7.5,6.0,4.0,2.5,5.0,6.5,9.0,3.5,6.5,4.5,7.5,7.0,6.0,5.0,8.0,4.5,6.0,1.5,5.0,3.0,4.5,6.0,4.5,4.0,3.5,4.5,3.5,5.5,4.5,4.0,5.5,7.5,8.0,4.0,3.5,6.5,6.0,8.5,4.0,4.0,5.0,4.5,4.5,3.5,4.5,5.5,4.0,4.5,6.0,7.0,6.0,4.5,2.0,1.0,7.0,7.0
Deadpool,9.0,3.0,5.5,3.0,7.0,3.5,6.0,5.0,4.5,0.5,6.5,2.5,8.5,8.0,2.0,6.5,7.0,3.5,2.5,4.5,4.0,8.0,3.5,6.5,4.0,4.5,6.5,5.5,5.0,3.0,6.0,5.5,4.5,8.5,3.5,6.0,4.5,6.5,5.0,5.5,4.0,4.0,4.0,6.0,6.5,5.0,4.5,5.0,6.0,4.0,3.5,5.0,6.0,2.0,3.0,5.0,5.0,7.0,6.5,6.5,7.5,9.0,4.5,4.5,6.0,5.5,5.0,5.5,5.0,8.5,2.0,3.5,5.5,7.5,6.0,2.5,7.5,4.0,6.5,5.5,3.5,5.0,5.5,5.5,6.5,4.0,8.0,4.5,3.5,6.0,5.5,3.0,5.0,3.5,5.0,6.0,7.5,6.0,6.5,3.5
Days of Heaven,6.0,8.5,2.5,6.5,5.0,6.0,4.5,5.5,6.0,4.5,4.5,9.0,6.5,4.5,5.5,5.0,6.0,8.5,6.5,4.5,1.5,5.0,4.5,4.0,2.5,4.0,5.0,5.0,5.0,6.0,1.0,6.5,4.5,7.5,3.0,5.5,5.0,2.5,6.5,1.5,4.0,5.5,9.5,4.5,5.0,6.0,3.0,4.0,3.5,2.0,4.0,5.5,5.0,6.0,4.0,4.5,5.5,7.5,4.0,4.0,5.5,3.0,4.5,5.5,4.5,3.0,6.0,6.5,6.5,5.5,2.0,4.5,6.5,2.0,6.5,7.5,2.5,6.0,4.0,6.0,9.5,5.5,5.0,7.5,5.0,6.0,5.0,4.0,6.5,6.0,6.0,3.5,6.0,7.5,7.0,6.5,4.0,4.5,7.5,4.0
Scarface,7.0,8.5,3.0,4.0,6.5,1.5,1.5,5.0,7.0,1.5,5.5,2.5,2.0,5.5,5.0,1.0,2.0,1.0,5.0,4.0,3.0,6.0,9.5,2.0,4.5,7.5,7.5,4.0,3.5,4.0,5.0,3.0,5.5,2.0,4.5,4.0,6.0,2.0,7.0,6.5,6.0,4.5,7.0,2.5,3.0,2.5,6.5,3.0,6.0,7.0,4.0,5.5,5.5,5.0,7.5,7.5,6.5,6.5,6.5,5.0,3.5,5.5,2.0,1.5,7.0,4.5,5.0,7.0,6.5,5.5,4.5,4.0,5.0,5.0,7.5,5.0,6.0,3.5,5.0,7.0,5.0,4.0,6.0,5.0,7.5,6.5,8.5,6.5,8.0,8.0,8.5,8.0,4.0,8.5,6.0,7.0,0.0,2.5,5.0,5.5
La planète sauvage,5.0,5.0,7.5,4.5,3.5,6.0,4.5,5.0,6.0,4.5,3.0,8.0,4.5,7.0,3.5,5.0,2.0,2.5,8.5,4.0,2.5,7.0,5.0,3.0,3.5,5.5,5.0,3.0,3.5,1.0,3.0,6.0,5.0,3.0,8.0,2.0,7.5,6.5,4.0,7.5,7.0,8.0,8.5,7.0,7.0,5.0,8.5,5.5,4.0,8.0,5.5,3.5,8.0,0.5,5.5,3.5,6.0,7.5,3.0,5.0,7.0,5.0,3.0,3.0,6.0,3.5,6.0,6.5,5.5,6.5,0.5,7.5,5.5,6.0,2.0,7.5,7.0,8.5,6.0,4.0,8.0,8.5,6.5,1.5,6.0,4.5,3.0,7.5,5.5,4.0,6.5,4.5,2.5,6.5,5.5,5.0,8.0,4.5,4.0,5.5
La haine,3.5,8.0,5.0,4.5,1.0,3.5,2.0,3.5,4.0,4.0,6.0,6.0,2.5,3.5,5.0,4.5,4.5,4.0,7.5,4.0,4.5,2.5,4.5,5.5,5.0,6.0,4.0,7.0,4.5,2.5,3.5,3.5,5.0,4.5,4.5,2.5,3.0,5.5,6.0,6.0,2.5,5.5,4.5,5.0,8.0,6.0,3.0,3.5,4.0,4.0,3.0,3.5,3.5,2.5,5.0,3.5,4.5,3.0,7.5,3.5,3.5,3.5,6.0,5.0,1.0,1.0,3.5,4.0,1.5,4.5,9.0,4.0,6.5,2.5,4.0,4.0,2.5,4.5,5.0,6.0,6.0,4.0,5.5,4.0,3.0,0.5,7.0,5.0,6.0,5.0,3.5,6.0,4.0,5.5,2.0,3.5,6.5,9.5,3.5,4.0
Frankenstein,0.5,4.5,6.0,4.5,6.0,3.0,5.0,4.0,5.5,3.5,5.5,1.0,5.0,7.0,5.0,4.0,5.0,8.5,3.5,5.5,4.5,4.5,6.0,2.0,5.0,7.0,3.0,3.5,5.0,6.5,4.5,4.5,3.5,8.5,5.5,4.0,6.0,6.0,4.5,5.5,5.0,1.0,4.0,7.0,6.5,5.0,4.5,4.0,3.0,6.0,6.0,6.0,4.5,0.5,3.5,8.0,6.5,5.5,4.5,4.0,3.5,7.0,6.0,7.5,5.0,5.0,9.5,4.0,4.5,3.0,4.0,5.5,3.5,4.5,4.5,5.0,6.0,6.0,2.0,7.0,2.5,7.0,4.0,5.5,4.0,3.0,2.5,5.5,3.0,5.0,3.5,3.5,4.5,5.0,3.0,2.0,8.5,7.5,6.5,4.0
Black Hawk Down,3.0,7.0,5.5,4.5,4.0,3.0,5.0,6.5,4.5,6.5,6.5,3.5,6.0,8.0,6.0,2.5,6.5,4.0,4.0,3.5,6.0,6.0,6.0,6.5,7.0,4.0,3.5,5.0,7.5,3.5,6.5,2.5,6.0,3.5,7.0,5.5,1.5,5.0,5.5,3.0,3.5,5.5,2.5,4.0,4.0,6.5,6.5,7.5,7.5,6.5,7.0,8.5,5.0,4.0,4.0,7.5,4.5,5.5,6.0,8.5,5.0,4.0,3.0,7.0,3.5,8.0,5.5,4.0,7.0,2.5,6.0,4.5,10.0,7.5,5.0,3.0,3.5,4.5,1.5,3.5,6.5,7.5,4.5,7.0,1.0,2.5,4.0,4.5,4.5,4.0,5.5,6.5,4.5,3.0,5.5,8.5,4.5,4.0,9.0,6.0
Thor: Ragnarok,7.5,5.0,4.0,4.5,2.5,2.0,2.0,6.0,5.5,7.5,6.5,4.5,0.5,6.5,5.0,3.0,5.5,7.5,6.0,6.0,6.0,4.0,5.5,3.0,6.5,3.5,5.5,4.5,4.0,4.0,5.0,8.0,3.5,3.0,4.0,6.0,4.0,8.5,5.5,7.0,4.5,5.5,0.5,7.5,6.5,3.5,2.5,8.0,5.0,3.5,2.5,5.5,6.5,2.0,3.5,1.5,3.0,6.0,3.5,2.0,5.0,6.0,3.0,5.5,6.0,3.5,7.0,8.0,6.0,4.5,5.5,5.5,3.5,7.0,8.5,7.0,4.5,8.0,2.5,7.0,4.0,5.5,4.0,4.0,5.5,6.5,3.5,6.5,4.0,3.5,2.0,4.5,2.0,7.0,4.5,3.5,1.0,4.5,4.0,2.5
The Girl with the Dragon Tattoo,6.0,4.5,3.0,6.0,4.5,6.0,6.0,4.0,5.5,7.0,9.5,6.0,5.5,4.0,2.0,5.5,4.5,9.5,6.0,3.5,9.5,8.5,4.5,1.0,4.5,3.5,5.0,4.0,6.0,5.0,7.5,4.5,4.0,7.0,6.0,2.5,8.5,4.5,4.0,5.0,4.0,3.0,6.5,3.5,3.0,3.0,6.5,4.0,5.5,3.0,2.0,2.5,4.0,4.5,6.0,5.5,3.5,6.0,6.5,7.5,4.0,4.0,2.5,4.5,7.0,6.0,6.0,6.0,5.5,5.5,7.5,3.5,3.5,4.0,3.5,4.0,3.0,2.0,3.5,4.0,5.0,5.5,2.0,3.0,4.5,6.5,8.5,5.0,4.5,6.5,7.5,2.5,5.5,5.5,6.5,5.5,7.5,7.5,2.5,6.0
Shine,4.5,5.0,3.0,5.0,9.0,8.0,6.0,6.5,9.0,5.0,5.0,7.0,2.5,6.0,8.0,6.5,3.5,4.0,6.5,8.5,5.5,6.5,2.0,4.0,8.0,4.0,6.5,2.5,6.0,7.5,8.0,5.0,6.5,3.0,3.5,4.5,7.0,2.0,6.5,3.5,6.5,8.5,5.0,5.5,6.5,4.5,4.0,1.5,4.0,3.0,5.5,4.5,6.5,2.0,3.5,6.5,7.5,4.5,3.5,7.5,4.0,9.0,5.0,7.5,5.5,5.5,7.5,6.0,4.5,6.0,7.0,5.0,5.0,5.0,2.5,3.0,2.5,7.0,6.5,4.0,6.5,6.5,3.5,6.0,2.5,7.0,6.5,4.5,2.5,5.5,5.5,6.5,5.5,4.5,6.5,9.0,0.5,5.5,2.5,10.0
Match Point,6.0,4.0,1.0,6.0,5.5,5.0,4.0,3.5,4.0,2.5,1.5,7.0,5.0,3.5,5.5,6.0,3.5,5.0,5.0,3.5,4.5,7.0,1.5,5.5,4.5,5.5,6.5,5.0,6.5,2.5,3.5,5.5,4.5,5.5,4.5,3.5,3.5,8.0,5.5,4.5,5.5,2.0,6.0,5.0,6.5,5.5,3.0,7.0,2.0,4.0,4.0,3.5,4.5,4.0,5.5,3.0,3.0,2.5,6.5,3.5,7.0,4.5,5.5,4.5,5.5,7.0,3.0,0.5,1.0,5.5,3.5,4.0,5.5,5.0,1.0,2.0,4.0,9.5,1.0,7.0,7.0,1.5,7.5,2.5,4.0,3.5,6.5,5.0,6.5,4.0,7.5,2.0,3.5,6.0,5.5,6.5,6.5,3.5,1.5,5.5
My Name Is Khan,9.5,7.0,3.0,4.0,0.5,5.5,5.5,3.0,3.5,3.0,6.5,3.5,4.5,4.0,8.5,8.0,5.0,7.5,3.5,6.5,5.0,6.5,4.5,4.5,4.0,3.0,5.5,3.0,5.0,3.5,5.0,4.5,5.0,7.5,7.0,5.0,8.5,6.5,6.0,7.5,1.5,6.0,3.0,3.5,8.0,3.0,5.0,3.0,6.0,6.0,6.5,6.5,6.5,4.5,7.0,4.0,6.5,8.0,7.0,2.5,3.5,5.0,6.5,3.0,5.0,4.5,5.5,4.5,4.0,5.0,1.5,8.5,5.5,2.5,6.0,3.0,3.5,5.0,4.5,6.5,4.5,5.5,5.0,4.0,4.0,6.0,8.0,4.5,5.5,4.5,6.0,6.0,3.0,4.5,5.5,2.0,5.0,7.5,8.0,6.0
Patton,5.0,5.0,1.5,1.5,7.0,4.0,3.0,4.0,3.5,5.0,6.5,4.0,8.0,5.0,5.5,8.0,6.5,7.0,8.0,5.5,2.5,5.0,3.5,4.0,4.0,6.0,5.0,6.5,7.0,4.0,7.0,6.0,6.5,5.5,3.0,6.5,7.5,7.0,4.5,5.5,3.0,7.0,6.5,4.0,5.5,4.5,3.5,3.0,3.0,7.0,3.0,3.0,7.0,6.0,5.5,7.0,5.5,6.0,6.0,4.0,9.0,5.0,6.5,6.5,8.0,4.5,4.5,4.5,3.5,3.5,5.5,7.0,3.5,7.5,5.5,1.0,5.0,6.0,2.5,3.5,3.5,7.5,5.5,4.0,5.5,4.0,9.5,7.5,2.0,5.0,3.0,5.0,6.5,6.0,5.5,7.0,7.0,5.5,2.0,6.0
Mary and Max,4.0,4.5,4.5,2.5,6.0,2.0,3.5,2.0,4.0,6.5,4.0,4.5,6.0,4.0,2.5,3.5,6.0,2.0,7.0,7.0,3.5,5.0,0.0,4.5,2.0,2.0,6.5,3.0,1.0,7.0,2.5,2.5,4.0,2.0,5.5,1.5,4.5,5.0,2.5,3.0,2.5,8.0,3.0,6.0,7.0,2.0,4.0,3.5,4.0,6.0,6.5,4.0,7.5,6.0,5.5,7.0,6.0,4.0,6.0,6.5,2.0,6.5,7.0,5.0,4.5,3.5,5.5,6.0,2.0,5.0,6.5,6.0,8.0,1.5,6.5,1.5,6.5,5.5,3.5,6.5,4.0,7.0,4.5,2.5,6.0,5.0,3.5,2.5,4.0,2.0,3.0,3.0,6.5,6.5,8.0,4.5,7.5,4.0,3.0,3.5
Soul,8.0,4.5,4.5,5.0,4.5,3.0,6.0,5.5,4.5,5.5,6.5,7.5,4.0,8.0,3.5,7.5,5.0,7.0,5.0,3.5,4.5,2.5,4.5,6.0,4.5,7.0,2.5,3.5,7.5,3.0,6.0,3.5,6.0,1.5,2.5,5.0,7.0,5.0,5.0,6.0,3.0,5.0,5.5,2.5,6.5,6.5,4.5,3.0,2.5,6.5,4.5,2.0,9.0,6.0,6.5,4.0,6.0,6.0,3.5,4.0,3.0,1.0,2.0,5.0,2.0,6.5,3.5,6.5,6.5,6.5,1.5,3.0,3.5,8.0,3.5,7.0,5.0,5.5,5.0,2.5,8.0,7.5,3.0,7.0,6.0,3.5,8.0,1.5,4.5,6.5,4.5,4.0,6.0,6.5,3.5,6.0,4.0,3.5,6.5,5.0
Apocalypto,6.0,2.0,4.5,4.0,7.0,5.5,5.5,9.5,6.0,2.5,7.0,5.5,5.5,4.5,3.5,4.0,8.5,2.5,6.0,1.5,7.0,3.0,4.5,6.0,5.5,7.0,2.5,3.0,4.5,5.0,7.5,4.0,3.5,1.0,8.0,5.5,8.0,1.0,6.0,4.0,6.5,5.0,5.0,4.5,4.5,7.0,6.0,6.5,7.0,5.0,5.0,3.5,3.5,5.0,3.0,2.5,7.5,7.5,4.5,4.0,2.5,9.5,4.5,6.0,3.5,2.5,5.5,3.5,2.0,5.5,4.5,5.0,3.0,7.0,5.0,4.5,3.5,7.0,5.5,4.5,5.0,6.0,5.0,4.5,5.0,3.0,5.0,7.0,5.0,3.0,9.0,4.0,8.0,7.5,5.5,2.5,6.5,1.5,6.5,5.0
Man on Fire,6.0,4.5,8.0,6.0,5.5,4.5,5.5,7.0,7.5,1.5,8.0,3.5,8.0,7.0,5.5,7.5,5.5,4.5,4.0,5.5,8.0,3.5,3.0,4.0,2.5,7.5,4.0,3.5,5.5,5.0,2.5,3.5,4.0,5.5,2.5,8.5,6.0,5.5,5.0,5.0,5.5,5.5,4.0,3.5,7.5,8.0,4.5,6.0,4.5,5.5,6.0,3.0,7.5,5.0,3.0,4.5,5.5,4.5,8.0,5.0,5.5,5.5,3.0,5.5,6.0,9.0,4.5,5.0,5.0,4.5,1.5,9.5,4.5,2.5,3.5,2.5,3.5,3.5,7.0,4.0,5.5,7.0,7.0,4.5,6.0,3.5,4.0,2.5,4.0,4.5,9.0,7.0,7.5,6.5,4.5,8.0,4.0,4.5,5.0,6.5
Apollo 13,8.0,4.0,7.0,5.5,6.5,4.5,7.0,6.0,4.0,6.0,7.5,3.5,6.5,3.5,1.0,3.5,7.0,6.5,4.5,5.5,2.5,3.5,3.0,3.5,6.5,7.5,6.0,5.5,6.5,4.0,6.0,6.5,7.0,8.5,5.0,6.5,7.5,8.5,3.0,4.5,4.5,1.5,4.5,5.0,2.0,2.0,5.5,1.0,5.0,6.0,5.5,4.0,4.5,4.0,3.5,3.5,4.5,6.0,3.0,6.5,2.5,5.0,6.0,1.0,6.5,3.5,4.5,5.0,3.0,4.0,3.5,5.0,2.0,4.0,6.5,5.5,4.5,6.5,5.0,1.5,6.0,3.5,4.0,7.5,5.0,3.5,6.5,5.5,3.0,6.0,7.0,4.5,1.0,7.0,6.5,4.0,2.5,5.0,5.5,5.0
Black,7.0,5.5,3.5,1.5,7.5,9.0,8.0,5.0,4.0,5.5,6.0,0.0,5.0,6.5,1.0,3.0,2.5,7.5,3.0,6.5,3.0,1.0,5.5,4.5,3.5,3.5,4.5,5.0,5.0,6.0,5.5,6.0,2.0,4.0,8.0,8.5,4.0,9.0,4.0,3.0,4.0,5.0,7.0,5.5,3.0,5.5,5.5,6.5,3.0,3.0,8.0,4.0,4.0,1.5,5.5,6.0,4.0,2.0,1.5,4.0,8.5,5.0,2.5,6.0,1.0,3.5,7.0,4.5,3.5,8.0,6.0,5.0,4.5,8.0,5.5,5.0,2.0,3.5,5.0,5.5,5.5,4.0,7.0,4.5,5.5,7.5,5.5,9.0,7.5,5.5,2.5,5.0,7.0,6.5,2.0,3.5,6.0,5.5,5.0,6.0
Predator,5.5,6.5,3.5,7.0,5.5,8.5,3.0,2.5,7.5,7.5,2.0,7.0,6.0,7.0,6.5,8.0,5.0,5.0,0.5,6.5,2.5,2.0,7.0,2.5,4.5,5.0,6.5,4.5,6.0,6.0,5.5,8.0,6.0,6.0,4.5,6.0,5.0,8.0,7.0,3.5,3.0,2.5,8.5,5.5,6.0,5.5,8.0,3.5,7.5,2.5,5.0,4.5,6.5,6.0,6.5,4.5,3.5,4.5,10.0,2.5,3.0,3.5,2.0,5.5,6.5,2.5,5.0,4.5,4.0,4.5,8.5,5.5,3.0,7.0,6.5,5.0,7.5,2.0,5.0,6.0,5.0,3.0,6.0,7.0,4.5,3.0,4.5,3.0,7.5,4.5,6.5,2.0,6.5,2.5,5.0,6.0,4.5,5.0,5.5,8.0
La vita è bella,4.5,7.0,7.5,6.0,4.5,1.5,6.0,4.0,6.0,5.5,6.0,3.0,4.0,0.5,7.0,3.0,6.0,5.0,2.0,3.5,5.5,2.5,3.0,8.5,4.0,7.0,4.0,4.0,3.5,7.0,5.5,5.5,5.0,4.0,0.5,3.0,6.5,6.0,3.5,5.5,7.0,5.5,4.0,2.5,9.5,6.5,5.0,0.0,7.0,7.0,4.5,2.0,3.0,3.5,4.0,3.0,8.0,7.5,1.5,5.0,3.5,4.0,4.0,4.5,6.0,8.0,6.0,7.5,3.5,3.0,1.0,4.0,3.0,5.5,7.5,7.5,2.5,6.5,1.5,6.5,8.0,3.5,3.5,4.5,8.0,4.0,3.0,6.5,3.0,3.5,2.5,4.5,5.0,4.0,3.0,3.5,8.5,3.5,6.0,6.5
Dangal,4.5,3.5,3.5,3.5,8.0,5.0,8.0,5.5,3.5,6.5,5.5,4.5,6.5,6.5,4.0,4.0,4.0,5.5,2.5,6.0,6.5,3.0,7.5,5.5,6.0,6.5,2.0,7.0,3.0,5.0,5.5,4.0,5.0,6.0,5.0,6.0,4.5,5.0,2.5,4.0,6.5,2.0,5.0,5.5,2.0,6.0,4.0,4.0,6.5,6.0,4.5,3.0,6.0,5.5,7.0,7.5,7.0,5.0,6.0,5.5,7.5,1.5,4.5,7.5,5.0,7.5,1.5,5.5,3.5,4.5,4.0,6.0,7.5,4.5,1.0,3.0,4.0,5.0,5.5,5.5,7.0,7.0,5.0,6.0,8.0,3.5,9.0,6.5,4.0,6.0,3.5,6.0,1.5,2.5,2.0,7.5,6.5,4.0,4.5,5.0
Hotaru no haka,6.0,5.0,7.0,6.5,7.0,6.5,5.5,2.0,6.0,3.5,3.0,5.5,2.0,5.5,6.0,3.5,6.5,2.5,6.0,1.0,4.5,3.0,8.0,4.0,7.0,5.5,5.5,6.5,5.0,4.0,4.5,4.5,2.5,3.0,3.5,6.5,3.5,3.0,4.0,5.0,4.5,3.5,4.0,5.0,7.5,4.5,5.5,3.5,8.5,4.0,2.5,2.5,6.0,7.5,7.0,6.0,6.5,4.0,2.0,6.0,6.0,3.0,6.0,7.5,7.0,6.5,3.5,5.5,3.0,8.5,4.0,3.5,6.0,4.0,5.0,4.5,4.0,6.0,3.5,6.5,3.5,3.0,6.5,1.5,7.0,3.5,7.0,7.5,7.5,4.0,7.0,7.0,3.5,7.0,5.0,8.5,6.0,2.0,4.5,5.5
American Beauty,6.5,1.5,3.5,4.0,8.5,8.0,6.0,4.0,2.0,4.5,4.5,5.5,5.5,5.0,3.5,6.5,6.5,5.5,8.0,4.0,4.5,5.5,2.5,8.5,4.5,5.5,4.0,7.5,3.0,6.0,7.5,4.5,4.5,3.0,6.0,4.5,3.5,4.5,3.5,5.5,5.0,5.0,8.5,5.5,5.5,6.0,4.0,4.5,7.5,4.5,6.5,5.5,5.0,4.0,8.0,5.5,8.0,0.5,6.5,6.0,5.5,3.5,6.0,7.5,5.5,6.5,7.5,2.5,9.5,4.0,3.5,4.0,2.0,3.0,8.0,3.0,0.0,7.0,3.0,6.5,7.5,4.0,3.5,4.5,3.0,2.5,3.5,5.0,7.0,6.0,2.5,1.5,2.5,5.5,7.0,4.0,3.5,4.0,5.0,5.5
Omohide poro poro,6.5,6.0,5.5,9.0,3.0,7.5,1.5,6.5,2.5,4.5,4.5,6.5,5.5,4.0,5.0,7.5,7.5,3.0,2.0,4.0,4.0,3.0,5.0,2.5,6.0,4.5,5.0,6.0,4.5,1.5,4.5,3.0,7.5,4.5,2.0,8.0,5.0,4.5,1.0,5.5,4.5,7.0,6.0,1.5,5.5,7.5,6.0,4.5,1.0,5.5,8.0,3.5,3.0,5.0,3.0,1.5,3.5,2.5,4.5,8.5,5.0,6.0,3.0,4.5,6.5,5.5,4.5,7.0,5.5,8.5,9.0,7.5,6.5,2.0,6.5,6.5,7.0,7.5,5.0,6.0,6.0,7.5,6.5,6.5,3.0,4.0,6.5,6.0,7.0,6.5,4.5,4.5,6.0,4.5,6.0,3.5,2.0,7.0,6.0,6.5
The Taking of Pelham One Two Three,7.5,5.0,4.5,6.0,4.0,3.5,5.5,7.5,2.5,2.5,7.5,4.5,4.5,3.0,3.0,4.0,5.5,3.5,5.0,6.0,7.0,2.0,6.0,4.0,2.0,3.5,9.0,5.5,4.5,2.5,4.0,6.0,4.5,5.0,3.0,6.5,5.0,5.5,4.5,1.0,3.5,2.5,5.0,6.5,5.5,4.5,6.0,4.0,5.5,7.0,4.0,4.0,4.0,8.0,5.5,5.0,6.0,7.5,2.0,3.5,4.5,6.0,5.0,6.0,4.0,4.5,3.5,7.0,5.0,4.0,3.5,3.5,5.5,2.0,3.0,1.5,2.5,1.5,4.0,7.0,3.5,7.5,3.0,8.5,7.0,6.5,5.5,7.5,3.0,8.0,8.5,2.5,4.5,5.5,5.0,4.0,6.0,1.5,6.0,7.0
Inherit the Wind,8.0,6.0,5.0,4.0,2.5,3.5,4.0,3.5,4.5,6.5,6.0,7.5,8.5,5.0,5.0,7.0,5.0,6.0,5.5,6.5,3.5,5.0,4.5,6.0,6.5,7.0,4.0,5.0,5.0,5.5,4.0,5.5,4.5,2.0,5.5,6.5,4.0,5.0,4.0,5.5,7.5,6.0,3.0,4.0,2.5,4.5,6.0,5.5,4.0,6.0,1.5,6.5,2.5,4.0,5.0,7.5,7.0,4.5,5.5,4.5,3.5,4.0,4.5,5.0,2.0,7.5,6.0,5.0,4.5,3.0,5.5,3.0,2.5,4.5,2.5,5.5,7.0,4.5,7.0,1.0,5.5,8.0,7.0,7.5,7.0,9.5,7.0,5.0,4.5,2.0,7.0,2.5,9.0,7.5,5.5,2.5,5.5,5.5,6.0,6.0
Delicatessen,6.5,8.0,5.5,4.5,4.5,5.0,7.0,6.5,6.0,5.5,5.5,2.5,4.0,4.0,3.0,3.0,2.0,1.0,3.0,2.0,8.5,5.0,6.0,0.5,9.0,5.0,3.5,8.5,3.5,0.5,5.0,2.0,6.0,3.5,3.0,6.5,4.0,6.0,3.0,7.5,1.0,7.5,4.5,8.0,8.5,2.0,7.5,6.5,4.0,7.5,5.0,5.5,4.0,5.5,5.5,2.5,1.0,3.5,5.0,4.5,6.5,7.0,3.5,8.0,3.5,7.0,3.0,6.0,7.0,4.0,5.0,4.5,5.5,4.5,8.0,4.5,1.5,3.5,3.5,3.0,5.5,7.0,1.0,9.5,5.5,2.5,6.0,4.5,4.0,5.0,5.0,4.5,4.0,5.0,2.0,4.5,3.5,3.0,7.0,5.5
